date,market_open_interest_usd,cumulative_volume_usd,trump_prob,harris_prob,biden_prob,rfk_prob,others_prob
2024-06-15,45000000,180000000,0.54,0.06,0.32,0.05,0.03
2024-07-01,65000000,260000000,0.61,0.07,0.22,0.06,0.04
2024-07-21,95000000,420000000,0.64,0.20,0.07,0.05,0.04
2024-08-01,135000000,610000000,0.53,0.41,0.00,0.04,0.02
2024-08-25,185000000,920000000,0.49,0.48,0.00,0.01,0.02
2024-09-15,240000000,1450000000,0.49,0.50,0.00,0.00,0.01
2024-10-01,290000000,2050000000,0.49,0.50,0.00,0.00,0.01
2024-10-15,340000000,2650000000,0.56,0.43,0.00,0.00,0.01
2024-10-25,385000000,3100000000,0.61,0.38,0.00,0.00,0.01
2024-11-01,415000000,3450000000,0.60,0.39,0.00,0.00,0.01
2024-11-05,440000000,3680000000,0.61,0.38,0.00,0.00,0.01